item_id,cefr_true,true_p_mid,alpha,beta,k_train,n_train,p_est,p_error,acc_test_mid,brier_test_mid,logloss_test_mid,acc_weak_test,acc_strong_test,gap_weak_strong_test,var_p,ci95_low,ci95_high,ci95_width,level_hat,band_hat_lo,band_hat_hi,d_to_boundary_hat,nearest_boundary_hat,learned_edges_q
1,A1,0.9273956048555962,61.0,4.0,60,63,0.9384615384615385,0.011065933605942213,1.0,0.0037869822485207105,0.06351340572232586,0.9629629629629629,1.0,0.03703703703703709,0.000875022413483952,0.8690643310546875,0.9827098846435547,0.11364555358886719,L6,0.8307692307692308,0.9692307692307692,0.03076923076923077,0.9692307692307692,"0.092308,0.258974,0.400000,0.553846,0.682051,0.830769,0.969231"
2,A1,0.8938878439752052,56.0,9.0,55,63,0.8615384615384616,-0.03234938243674357,0.8518518518518519,0.12629410475564318,0.419869225589959,0.8148148148148148,0.9259259259259259,0.11111111111111116,0.0018074233458848844,0.7684745788574219,0.9336261749267578,0.16515159606933594,L6,0.8307692307692308,0.9692307692307692,0.03076923076923077,0.8307692307692308,"0.092308,0.258974,0.400000,0.553846,0.682051,0.830769,0.969231"
3,A1,0.9358597919911382,63.0,2.0,62,63,0.9692307692307692,0.033370977239631006,0.8888888888888888,0.10522024983563444,0.4145844930409474,0.8518518518518519,1.0,0.14814814814814814,0.0004518558364712211,0.915989875793457,0.9961928129196167,0.08020293712615967,L6,0.8307692307692308,0.9692307692307692,0.0,0.9692307692307692,"0.092308,0.258974,0.400000,0.553846,0.682051,0.830769,0.969231"
4,A1,0.9197368029059363,57.0,8.0,56,63,0.8769230769230769,-0.042813725982859374,0.8888888888888888,0.09890861275476658,0.3495148605227218,0.8888888888888888,1.0,0.11111111111111116,0.001635287789133943,0.7875423431396484,0.9444570541381836,0.15691471099853516,L6,0.8307692307692308,0.9692307692307692,0.0461538461538461,0.8307692307692308,"0.092308,0.258974,0.400000,0.553846,0.682051,0.830769,0.969231"
5,A1,0.8594177347887649,56.0,9.0,55,63,0.8615384615384616,0.0021207267496966553,0.9259259259259259,0.07273285119438964,0.2844524023752234,0.8148148148148148,0.9259259259259259,0.11111111111111116,0.0018074233458848844,0.7684745788574219,0.9336261749267578,0.16515159606933594,L6,0.8307692307692308,0.9692307692307692,0.03076923076923077,0.8307692307692308,"0.092308,0.258974,0.400000,0.553846,0.682051,0.830769,0.969231"
6,A1,0.9475622351636755,61.0,4.0,60,63,0.9384615384615385,-0.00910069670213709,0.9629629629629629,0.036265614727153186,0.16442375768726733,0.9259259259259259,1.0,0.07407407407407407,0.000875022413483952,0.8690643310546875,0.9827098846435547,0.11364555358886719,L6,0.8307692307692308,0.9692307692307692,0.03076923076923077,0.9692307692307692,"0.092308,0.258974,0.400000,0.553846,0.682051,0.830769,0.969231"
7,A1,0.9261139701990353,61.0,4.0,60,63,0.9384615384615385,0.012347568262503161,0.9629629629629629,0.036265614727153186,0.16442375768726733,0.7407407407407407,1.0,0.2592592592592593,0.000875022413483952,0.8690643310546875,0.9827098846435547,0.11364555358886719,L6,0.8307692307692308,0.9692307692307692,0.03076923076923077,0.9692307692307692,"0.092308,0.258974,0.400000,0.553846,0.682051,0.830769,0.969231"
8,A1,0.9286064305276953,60.0,5.0,59,63,0.9230769230769231,-0.005529507450772186,0.9259259259259259,0.0685952224413763,0.264109866917092,0.8518518518518519,0.9629629629629629,0.11111111111111105,0.0010758472296933835,0.8476371765136719,0.9741458892822266,0.1265087127685547,L6,0.8307692307692308,0.9692307692307692,0.0461538461538461,0.9692307692307692,"0.092308,0.258974,0.400000,0.553846,0.682051,0.830769,0.969231"
9,A1,0.8628113632675546,59.0,6.0,58,63,0.9076923076923077,0.0448809444247531,0.9629629629629629,0.03872014025860179,0.18150826949649781,0.8148148148148148,0.8888888888888888,0.07407407407407407,0.0012694997310381925,0.827021598815918,0.9648127555847168,0.13779115676879883,L6,0.8307692307692308,0.9692307692307692,0.06153846153846154,0.9692307692307692,"0.092308,0.258974,0.400000,0.553846,0.682051,0.830769,0.969231"
10,A1,0.8950385937895566,57.0,8.0,56,63,0.8769230769230769,-0.01811551686647972,0.8888888888888888,0.09890861275476659,0.3495148605227218,0.7777777777777778,0.9629629629629629,0.18518518518518512,0.001635287789133943,0.7875423431396484,0.9444570541381836,0.15691471099853516,L6,0.8307692307692308,0.9692307692307692,0.0461538461538461,0.8307692307692308,"0.092308,0.258974,0.400000,0.553846,0.682051,0.830769,0.969231"
11,A1,0.8870798024232581,57.0,8.0,56,63,0.8769230769230769,-0.010156725500181207,0.9629629629629629,0.043068156914310755,0.20406228821496525,0.8518518518518519,0.8518518518518519,0.0,0.001635287789133943,0.7875423431396484,0.9444570541381836,0.15691471099853516,L6,0.8307692307692308,0.9692307692307692,0.0461538461538461,0.8307692307692308,"0.092308,0.258974,0.400000,0.553846,0.682051,0.830769,0.969231"
12,A1,0.9426764988848602,61.0,4.0,60,63,0.9384615384615385,-0.004214960423321701,1.0,0.0037869822485207105,0.06351340572232586,0.9259259259259259,0.9629629629629629,0.03703703703703698,0.000875022413483952,0.8690643310546875,0.9827098846435547,0.11364555358886719,L6,0.8307692307692308,0.9692307692307692,0.03076923076923077,0.9692307692307692,"0.092308,0.258974,0.400000,0.553846,0.682051,0.830769,0.969231"
13,A1,0.9143865120080664,61.0,4.0,60,63,0.9384615384615385,0.024075026453472037,0.9259259259259259,0.06874424720578567,0.2653341096522088,0.8518518518518519,0.8518518518518519,0.0,0.000875022413483952,0.8690643310546875,0.9827098846435547,0.11364555358886719,L6,0.8307692307692308,0.9692307692307692,0.03076923076923077,0.9692307692307692,"0.092308,0.258974,0.400000,0.553846,0.682051,0.830769,0.969231"
14,A1,0.9322761613270829,60.0,5.0,59,63,0.9230769230769231,-0.00919923825015978,0.9259259259259259,0.0685952224413763,0.264109866917092,0.7777777777777778,0.9259259259259259,0.14814814814814814,0.0010758472296933835,0.8476371765136719,0.9741458892822266,0.1265087127685547,L6,0.8307692307692308,0.9692307692307692,0.0461538461538461,0.9692307692307692,"0.092308,0.258974,0.400000,0.553846,0.682051,0.830769,0.969231"
15,A1,0.8943414198827331,55.0,10.0,54,63,0.8461538461538461,-0.048187573728886934,0.9629629629629629,0.04930966469428007,0.23019290289421904,0.8148148148148148,1.0,0.18518518518518523,0.0019723865877712033,0.7497634887695312,0.9224424362182617,0.17267894744873047,L6,0.8307692307692308,0.9692307692307692,0.01538461538461533,0.8307692307692308,"0.092308,0.258974,0.400000,0.553846,0.682051,0.830769,0.969231"
16,A1,0.8727238721784777,51.0,14.0,50,63,0.7846153846153846,-0.08810848756309309,1.0,0.04639053254437871,0.24256163717131138,0.6296296296296297,0.8148148148148148,0.18518518518518512,0.0025605164066702527,0.6777362823486328,0.8749313354492188,0.19719505310058594,L5,0.682051282051282,0.8307692307692308,0.04615384615384621,0.8307692307692308,"0.092308,0.258974,0.400000,0.553846,0.682051,0.830769,0.969231"
17,A1,0.9054584787015835,57.0,8.0,56,63,0.8769230769230769,-0.028535401778506553,0.7777777777777778,0.18266929651545036,0.5676937189843568,0.8148148148148148,0.9259259259259259,0.11111111111111116,0.001635287789133943,0.7875423431396484,0.9444570541381836,0.15691471099853516,L6,0.8307692307692308,0.9692307692307692,0.0461538461538461,0.8307692307692308,"0.092308,0.258974,0.400000,0.553846,0.682051,0.830769,0.969231"
18,A1,0.8563817256104175,58.0,7.0,57,63,0.8923076923076924,0.03592596669727488,0.8518518518518519,0.12783694937541093,0.4272083869775298,0.7407407407407407,0.9259259259259259,0.18518518518518523,0.001455979917518379,0.8070316314697266,0.9548788070678711,0.14784717559814453,L6,0.8307692307692308,0.9692307692307692,0.06153846153846154,0.8307692307692308,"0.092308,0.258974,0.400000,0.553846,0.682051,0.830769,0.969231"
19,A1,0.9327631171992582,62.0,3.0,61,63,0.9538461538461539,0.021083036646895703,0.9259259259259259,0.06936664475126014,0.27158785495254417,0.8518518518518519,1.0,0.14814814814814814,0.0006670252824098978,0.8916301727294922,0.9902269840240479,0.09859681129455566,L6,0.8307692307692308,0.9692307692307692,0.01538461538461533,0.9692307692307692,"0.092308,0.258974,0.400000,0.553846,0.682051,0.830769,0.969231"
20,A1,0.9131664399122065,61.0,4.0,60,63,0.9384615384615385,0.025295098549331985,0.9629629629629629,0.036265614727153186,0.16442375768726733,0.8518518518518519,0.9629629629629629,0.11111111111111105,0.000875022413483952,0.8690643310546875,0.9827098846435547,0.11364555358886719,L6,0.8307692307692308,0.9692307692307692,0.03076923076923077,0.9692307692307692,"0.092308,0.258974,0.400000,0.553846,0.682051,0.830769,0.969231"
21,A1,0.9258087740085373,61.0,4.0,60,63,0.9384615384615385,0.01265276445300112,0.8888888888888888,0.10122287968441812,0.3662444616171503,0.8518518518518519,0.9629629629629629,0.11111111111111105,0.000875022413483952,0.8690643310546875,0.9827098846435547,0.11364555358886719,L6,0.8307692307692308,0.9692307692307692,0.03076923076923077,0.9692307692307692,"0.092308,0.258974,0.400000,0.553846,0.682051,0.830769,0.969231"
22,A1,0.8854525968129868,55.0,10.0,54,63,0.8461538461538461,-0.03929875065914068,0.8888888888888888,0.10059171597633138,0.3564705393563245,0.7777777777777778,0.9259259259259259,0.14814814814814814,0.0019723865877712033,0.7497634887695312,0.9224424362182617,0.17267894744873047,L6,0.8307692307692308,0.9692307692307692,0.01538461538461533,0.8307692307692308,"0.092308,0.258974,0.400000,0.553846,0.682051,0.830769,0.969231"
23,A1,0.9470698024394902,62.0,3.0,61,63,0.9538461538461539,0.006776351406663661,0.7777777777777778,0.20383957922419463,0.7202577951565418,0.9259259259259259,0.9629629629629629,0.03703703703703698,0.0006670252824098978,0.8916301727294922,0.9902269840240479,0.09859681129455566,L6,0.8307692307692308,0.9692307692307692,0.01538461538461533,0.9692307692307692,"0.092308,0.258974,0.400000,0.553846,0.682051,0.830769,0.969231"
24,A1,0.9393121121322198,61.0,4.0,60,63,0.9384615384615385,-0.0008505736706813094,0.9629629629629629,0.036265614727153186,0.16442375768726733,0.9629629629629629,0.9629629629629629,0.0,0.000875022413483952,0.8690643310546875,0.9827098846435547,0.11364555358886719,L6,0.8307692307692308,0.9692307692307692,0.03076923076923077,0.9692307692307692,"0.092308,0.258974,0.400000,0.553846,0.682051,0.830769,0.969231"
25,A1,0.9278383497073761,62.0,3.0,61,63,0.9538461538461539,0.02600780413877779,0.9629629629629629,0.03574841113302653,0.15942036990154484,0.8888888888888888,1.0,0.11111111111111116,0.0006670252824098978,0.8916301727294922,0.9902269840240479,0.09859681129455566,L6,0.8307692307692308,0.9692307692307692,0.01538461538461533,0.9692307692307692,"0.092308,0.258974,0.400000,0.553846,0.682051,0.830769,0.969231"
26,A1,0.8694638707851967,55.0,10.0,54,63,0.8461538461538461,-0.023310024631350568,0.9629629629629629,0.04930966469428007,0.23019290289421904,0.7037037037037037,1.0,0.2962962962962963,0.0019723865877712033,0.7497634887695312,0.9224424362182617,0.17267894744873047,L6,0.8307692307692308,0.9692307692307692,0.01538461538461533,0.8307692307692308,"0.092308,0.258974,0.400000,0.553846,0.682051,0.830769,0.969231"
27,A1,0.8966721003727034,60.0,5.0,59,63,0.9230769230769231,0.026404822704219733,0.8888888888888888,0.09993425378040764,0.3561434465388698,0.7037037037037037,0.9629629629629629,0.2592592592592592,0.0010758472296933835,0.8476371765136719,0.9741458892822266,0.1265087127685547,L6,0.8307692307692308,0.9692307692307692,0.0461538461538461,0.9692307692307692,"0.092308,0.258974,0.400000,0.553846,0.682051,0.830769,0.969231"
28,A1,0.8543803765787229,54.0,11.0,53,63,0.8307692307692308,-0.023611145809492085,0.8148148148148148,0.15114617576156042,0.4800492925472709,0.6296296296296297,0.8888888888888888,0.2592592592592592,0.0021301775147928993,0.7313652038574219,0.9109506607055664,0.17958545684814453,L6,0.8307692307692308,0.9692307692307692,0.0,0.8307692307692308,"0.092308,0.258974,0.400000,0.553846,0.682051,0.830769,0.969231"
29,A1,0.8654289492067547,53.0,12.0,52,63,0.8153846153846154,-0.05004433382213935,0.8518518518518519,0.1275301336839798,0.4241524324567184,0.7407407407407407,0.8888888888888888,0.14814814814814814,0.002280796126949973,0.7132453918457031,0.8991851806640625,0.18593978881835938,L5,0.682051282051282,0.8307692307692308,0.015384615384615441,0.8307692307692308,"0.092308,0.258974,0.400000,0.553846,0.682051,0.830769,0.969231"
30,A1,0.9183048953242454,58.0,7.0,57,63,0.8923076923076924,-0.02599720301655306,0.9259259259259259,0.06971729125575281,0.27057632316337377,0.9259259259259259,1.0,0.07407407407407407,0.001455979917518379,0.8070316314697266,0.9548788070678711,0.14784717559814453,L6,0.8307692307692308,0.9692307692307692,0.06153846153846154,0.8307692307692308,"0.092308,0.258974,0.400000,0.553846,0.682051,0.830769,0.969231"
31,A2,0.8117143233861726,45.0,20.0,44,63,0.6923076923076923,-0.11940663107848026,0.7407407407407407,0.1943896559281174,0.5779659472925138,0.7407407407407407,0.9629629629629629,0.2222222222222222,0.0032275416890801506,0.5758285522460938,0.7975788116455078,0.22175025939941406,L5,0.682051282051282,0.8307692307692308,0.010256410256410331,0.682051282051282,"0.092308,0.258974,0.400000,0.553846,0.682051,0.830769,0.969231"
32,A2,0.8451264598651315,56.0,9.0,55,63,0.8615384615384616,0.016412001673330123,0.8148148148148148,0.15307473153626996,0.4875776371973268,0.8888888888888888,0.8518518518518519,-0.03703703703703698,0.0018074233458848844,0.7684745788574219,0.9336261749267578,0.16515159606933594,L6,0.8307692307692308,0.9692307692307692,0.03076923076923077,0.8307692307692308,"0.092308,0.258974,0.400000,0.553846,0.682051,0.830769,0.969231"
33,A2,0.7488738037207228,50.0,15.0,49,63,0.7692307692307693,0.02035696551004651,0.8518518518518519,0.13302651764190226,0.4407306058491112,0.5185185185185185,0.8888888888888888,0.37037037037037035,0.0026896180742334587,0.6603031158447266,0.8624839782714844,0.2021808624267578,L5,0.682051282051282,0.8307692307692308,0.06153846153846154,0.8307692307692308,"0.092308,0.258974,0.400000,0.553846,0.682051,0.830769,0.969231"
34,A2,0.7555689559052303,45.0,20.0,44,63,0.6923076923076923,-0.06326126359753803,0.7777777777777778,0.18014464168310315,0.5479314948400572,0.6666666666666666,0.9259259259259259,0.2592592592592593,0.0032275416890801506,0.5758285522460938,0.7975788116455078,0.22175025939941406,L5,0.682051282051282,0.8307692307692308,0.010256410256410331,0.682051282051282,"0.092308,0.258974,0.400000,0.553846,0.682051,0.830769,0.969231"
35,A2,0.7704333716913712,44.0,21.0,43,63,0.676923076923077,-0.0935102947682942,0.7037037037037037,0.2092220030681569,0.6093582867017724,0.5925925925925926,0.8888888888888888,0.2962962962962963,0.0033136094674556214,0.5594062805175781,0.7841281890869141,0.22472190856933594,L4,0.5538461538461539,0.682051282051282,0.005128205128204999,0.682051282051282,"0.092308,0.258974,0.400000,0.553846,0.682051,0.830769,0.969231"
36,A2,0.7284207038626428,40.0,25.0,39,63,0.6153846153846154,-0.11303608847802737,0.7777777777777778,0.19921104536489154,0.5899530667251975,0.6666666666666666,0.7777777777777778,0.11111111111111116,0.0035861574323112783,0.49507713317871094,0.7289638519287109,0.23388671875,L4,0.5538461538461539,0.682051282051282,0.06153846153846154,0.5538461538461539,"0.092308,0.258974,0.400000,0.553846,0.682051,0.830769,0.969231"
37,A2,0.7194882258003207,47.0,18.0,46,63,0.7230769230769231,0.0035886972766023817,0.6666666666666666,0.22540433925049308,0.6441649494568765,0.4074074074074074,0.8148148148148148,0.4074074074074074,0.0030338891877353417,0.6091232299804688,0.8240337371826172,0.21491050720214844,L5,0.682051282051282,0.8307692307692308,0.0410256410256411,0.682051282051282,"0.092308,0.258974,0.400000,0.553846,0.682051,0.830769,0.969231"
38,A2,0.7713557389338901,49.0,16.0,48,63,0.7538461538461538,-0.017509585087736257,0.7407407407407407,0.192215647600263,0.5727381210848593,0.7037037037037037,0.8888888888888888,0.18518518518518512,0.0028115474269320424,0.64306640625,0.8498439788818359,0.20677757263183594,L5,0.682051282051282,0.8307692307692308,0.07179487179487187,0.682051282051282,"0.092308,0.258974,0.400000,0.553846,0.682051,0.830769,0.969231"
39,A2,0.7340364023576326,46.0,19.0,45,63,0.7076923076923077,-0.026344094665324835,0.7037037037037037,0.20852071005917164,0.6077317748354768,0.5925925925925926,0.8888888888888888,0.2962962962962963,0.0031343015958400573,0.5923995971679688,0.810882568359375,0.21848297119140625,L5,0.682051282051282,0.8307692307692308,0.025641025641025772,0.682051282051282,"0.092308,0.258974,0.400000,0.553846,0.682051,0.830769,0.969231"
40,A2,0.8004720992023765,55.0,10.0,54,63,0.8461538461538461,0.04568174695146965,0.7407407407407407,0.20315581854043394,0.6090258122805359,0.7407407407407407,0.8888888888888888,0.14814814814814814,0.0019723865877712033,0.7497634887695312,0.9224424362182617,0.17267894744873047,L6,0.8307692307692308,0.9692307692307692,0.01538461538461533,0.8307692307692308,"0.092308,0.258974,0.400000,0.553846,0.682051,0.830769,0.969231"
41,A2,0.7655727878308496,49.0,16.0,48,63,0.7538461538461538,-0.011726633984695756,0.9259259259259259,0.09819855358316898,0.36547301444211017,0.6666666666666666,0.8888888888888888,0.2222222222222222,0.0028115474269320424,0.64306640625,0.8498439788818359,0.20677757263183594,L5,0.682051282051282,0.8307692307692308,0.07179487179487187,0.682051282051282,"0.092308,0.258974,0.400000,0.553846,0.682051,0.830769,0.969231"
42,A2,0.8249017294086756,54.0,11.0,53,63,0.8307692307692308,0.0058675013605552495,0.8518518518518519,0.12664475126013588,0.42112007870408924,0.6666666666666666,0.9259259259259259,0.2592592592592593,0.0021301775147928993,0.7313652038574219,0.9109506607055664,0.17958545684814453,L6,0.8307692307692308,0.9692307692307692,0.0,0.8307692307692308,"0.092308,0.258974,0.400000,0.553846,0.682051,0.830769,0.969231"
43,A2,0.8050397653003374,49.0,16.0,48,63,0.7538461538461538,-0.05119361145418355,0.7037037037037037,0.2110190664036818,0.6141911424134089,0.7777777777777778,0.7777777777777778,0.0,0.0028115474269320424,0.64306640625,0.8498439788818359,0.20677757263183594,L5,0.682051282051282,0.8307692307692308,0.07179487179487187,0.682051282051282,"0.092308,0.258974,0.400000,0.553846,0.682051,0.830769,0.969231"
44,A2,0.7468549962073061,47.0,18.0,46,63,0.7230769230769231,-0.02377807313038305,0.6296296296296297,0.24192855577470956,0.6797122029314651,0.7407407407407407,0.7777777777777778,0.03703703703703709,0.0030338891877353417,0.6091232299804688,0.8240337371826172,0.21491050720214844,L5,0.682051282051282,0.8307692307692308,0.0410256410256411,0.682051282051282,"0.092308,0.258974,0.400000,0.553846,0.682051,0.830769,0.969231"
45,A2,0.8248389702092801,50.0,15.0,49,63,0.7692307692307693,-0.055608200978510824,0.8148148148148148,0.15296953758492216,0.48532219119451625,0.7037037037037037,1.0,0.2962962962962963,0.0026896180742334587,0.6603031158447266,0.8624839782714844,0.2021808624267578,L5,0.682051282051282,0.8307692307692308,0.06153846153846154,0.8307692307692308,"0.092308,0.258974,0.400000,0.553846,0.682051,0.830769,0.969231"
46,A2,0.8207146536245202,54.0,11.0,53,63,0.8307692307692308,0.010054577144710586,0.7777777777777778,0.17564760026298493,0.5389785063904525,0.8888888888888888,0.8518518518518519,-0.03703703703703698,0.0021301775147928993,0.7313652038574219,0.9109506607055664,0.17958545684814453,L6,0.8307692307692308,0.9692307692307692,0.0,0.8307692307692308,"0.092308,0.258974,0.400000,0.553846,0.682051,0.830769,0.969231"
47,A2,0.7581217568545261,50.0,15.0,49,63,0.7692307692307693,0.011109012376243177,0.6666666666666666,0.23274161735700197,0.6636885325761364,0.7777777777777778,0.7407407407407407,-0.03703703703703709,0.0026896180742334587,0.6603031158447266,0.8624839782714844,0.2021808624267578,L5,0.682051282051282,0.8307692307692308,0.06153846153846154,0.8307692307692308,"0.092308,0.258974,0.400000,0.553846,0.682051,0.830769,0.969231"
48,A2,0.7432492155895366,44.0,21.0,43,63,0.676923076923077,-0.06632613866645964,0.7777777777777778,0.1830111768573307,0.5545681240206733,0.6296296296296297,0.8148148148148148,0.18518518518518512,0.0033136094674556214,0.5594062805175781,0.7841281890869141,0.22472190856933594,L4,0.5538461538461539,0.682051282051282,0.005128205128204999,0.682051282051282,"0.092308,0.258974,0.400000,0.553846,0.682051,0.830769,0.969231"
49,A2,0.8023743255962463,48.0,17.0,47,63,0.7384615384615385,-0.06391278713470783,0.7407407407407407,0.192049090510629,0.5722941726159583,0.5925925925925926,0.8518518518518519,0.2592592592592593,0.0029263044647660033,0.6260089874267578,0.8370237350463867,0.2110147476196289,L5,0.682051282051282,0.8307692307692308,0.05641025641025654,0.682051282051282,"0.092308,0.258974,0.400000,0.553846,0.682051,0.830769,0.969231"
50,A2,0.7209628725413965,40.0,25.0,39,63,0.6153846153846154,-0.10557825715678104,0.6666666666666666,0.22485207100591717,0.642175692196946,0.48148148148148145,0.7777777777777778,0.29629629629629634,0.0035861574323112783,0.49507713317871094,0.7289638519287109,0.23388671875,L4,0.5538461538461539,0.682051282051282,0.06153846153846154,0.5538461538461539,"0.092308,0.258974,0.400000,0.553846,0.682051,0.830769,0.969231"
51,A2,0.7299862303712662,44.0,21.0,43,63,0.676923076923077,-0.05306315344818924,0.8518518518518519,0.15680035064650447,0.4997779613395742,0.7777777777777778,0.9259259259259259,0.14814814814814814,0.0033136094674556214,0.5594062805175781,0.7841281890869141,0.22472190856933594,L4,0.5538461538461539,0.682051282051282,0.005128205128204999,0.682051282051282,"0.092308,0.258974,0.400000,0.553846,0.682051,0.830769,0.969231"
52,A2,0.7011043404626508,43.0,22.0,42,63,0.6615384615384615,-0.03956587892418928,0.7037037037037037,0.21028270874424718,0.6117523874865922,0.5925925925925926,0.8888888888888888,0.2962962962962963,0.0033925049309664695,0.5431232452392578,0.7705364227294922,0.22741317749023438,L4,0.5538461538461539,0.682051282051282,0.02051282051282044,0.682051282051282,"0.092308,0.258974,0.400000,0.553846,0.682051,0.830769,0.969231"
53,A2,0.8180386566253207,51.0,14.0,50,63,0.7846153846153846,-0.03342327200993611,0.8518518518518519,0.13072101687486304,0.4340828672615436,0.5185185185185185,0.9259259259259259,0.40740740740740744,0.0025605164066702527,0.6777362823486328,0.8749313354492188,0.19719505310058594,L5,0.682051282051282,0.8307692307692308,0.04615384615384621,0.8307692307692308,"0.092308,0.258974,0.400000,0.553846,0.682051,0.830769,0.969231"
54,A2,0.7997276284888047,51.0,14.0,50,63,0.7846153846153846,-0.01511224387342014,0.8518518518518519,0.13072101687486304,0.4340828672615435,0.7037037037037037,0.8888888888888888,0.18518518518518512,0.0025605164066702527,0.6777362823486328,0.8749313354492188,0.19719505310058594,L5,0.682051282051282,0.8307692307692308,0.04615384615384621,0.8307692307692308,"0.092308,0.258974,0.400000,0.553846,0.682051,0.830769,0.969231"
55,A2,0.8057748067939502,52.0,13.0,51,63,0.8,-0.005774806793950149,0.8518518518518519,0.12888888888888891,0.4285204937023416,0.7407407407407407,0.9259259259259259,0.18518518518518523,0.0024242424242424242,0.6953773498535156,0.8871707916259766,0.19179344177246094,L5,0.682051282051282,0.8307692307692308,0.03076923076923077,0.8307692307692308,"0.092308,0.258974,0.400000,0.553846,0.682051,0.830769,0.969231"
56,A2,0.8171093546532952,50.0,15.0,49,63,0.7692307692307693,-0.04787858542252588,0.6666666666666666,0.23274161735700197,0.6636885325761364,0.7407407407407407,0.9259259259259259,0.18518518518518523,0.0026896180742334587,0.6603031158447266,0.8624839782714844,0.2021808624267578,L5,0.682051282051282,0.8307692307692308,0.06153846153846154,0.8307692307692308,"0.092308,0.258974,0.400000,0.553846,0.682051,0.830769,0.969231"
57,A2,0.768837366330751,51.0,14.0,50,63,0.7846153846153846,0.015778018284633655,0.7777777777777778,0.17288625904010524,0.5298434823066596,0.7037037037037037,0.9259259259259259,0.2222222222222222,0.0025605164066702527,0.6777362823486328,0.8749313354492188,0.19719505310058594,L5,0.682051282051282,0.8307692307692308,0.04615384615384621,0.8307692307692308,"0.092308,0.258974,0.400000,0.553846,0.682051,0.830769,0.969231"
58,A2,0.785311179392934,53.0,12.0,52,63,0.8153846153846154,0.03007343599168133,0.7407407407407407,0.19761560376944992,0.5891952395416209,0.7037037037037037,0.8888888888888888,0.18518518518518512,0.002280796126949973,0.7132453918457031,0.8991851806640625,0.18593978881835938,L5,0.682051282051282,0.8307692307692308,0.015384615384615441,0.8307692307692308,"0.092308,0.258974,0.400000,0.553846,0.682051,0.830769,0.969231"
59,A2,0.7209695497191486,46.0,19.0,45,63,0.7076923076923077,-0.013277242026840885,0.7037037037037037,0.20852071005917155,0.6077317748354768,0.4074074074074074,0.9259259259259259,0.5185185185185186,0.0031343015958400573,0.5923995971679688,0.810882568359375,0.21848297119140625,L5,0.682051282051282,0.8307692307692308,0.025641025641025772,0.682051282051282,"0.092308,0.258974,0.400000,0.553846,0.682051,0.830769,0.969231"
60,A2,0.717179511030396,45.0,20.0,44,63,0.6923076923076923,-0.02487181872270372,0.8518518518518519,0.15165461319307472,0.487862589935144,0.6666666666666666,0.8148148148148148,0.14814814814814814,0.0032275416890801506,0.5758285522460938,0.7975788116455078,0.22175025939941406,L5,0.682051282051282,0.8307692307692308,0.010256410256410331,0.682051282051282,"0.092308,0.258974,0.400000,0.553846,0.682051,0.830769,0.969231"
61,B1,0.6502604442685708,51.0,14.0,50,63,0.7846153846153846,0.13435494034681383,0.7037037037037037,0.21505150120534744,0.6256040973517755,0.5185185185185185,0.7407407407407407,0.2222222222222222,0.0025605164066702527,0.6777362823486328,0.8749313354492188,0.19719505310058594,L5,0.682051282051282,0.8307692307692308,0.04615384615384621,0.8307692307692308,"0.092308,0.258974,0.400000,0.553846,0.682051,0.830769,0.969231"
62,B1,0.6206644309214698,38.0,27.0,37,63,0.5846153846153846,-0.036049046306085186,0.5185185185185185,0.25402586017970635,0.701347066405797,0.5555555555555556,0.6666666666666666,0.11111111111111105,0.0036793975255513716,0.46367645263671875,0.7006187438964844,0.23694229125976562,L4,0.5538461538461539,0.682051282051282,0.03076923076923077,0.5538461538461539,"0.092308,0.258974,0.400000,0.553846,0.682051,0.830769,0.969231"
63,B1,0.6347854159721783,45.0,20.0,44,63,0.6923076923076923,0.05752227633551399,0.5185185185185185,0.2798597413982029,0.7581726620072534,0.5555555555555556,0.8888888888888888,0.33333333333333326,0.0032275416890801506,0.5758285522460938,0.7975788116455078,0.22175025939941406,L5,0.682051282051282,0.8307692307692308,0.010256410256410331,0.682051282051282,"0.092308,0.258974,0.400000,0.553846,0.682051,0.830769,0.969231"
64,B1,0.6647498286124038,43.0,22.0,42,63,0.6615384615384615,-0.0032113670739423172,0.7037037037037037,0.21028270874424718,0.6117523874865922,0.4074074074074074,0.7777777777777778,0.3703703703703704,0.0033925049309664695,0.5431232452392578,0.7705364227294922,0.22741317749023438,L4,0.5538461538461539,0.682051282051282,0.02051282051282044,0.682051282051282,"0.092308,0.258974,0.400000,0.553846,0.682051,0.830769,0.969231"
65,B1,0.6452077480000886,43.0,22.0,42,63,0.6615384615384615,0.0163307135383729,0.6296296296296297,0.23421433267587108,0.6613936958077213,0.4444444444444444,0.7407407407407407,0.2962962962962963,0.0033925049309664695,0.5431232452392578,0.7705364227294922,0.22741317749023438,L4,0.5538461538461539,0.682051282051282,0.02051282051282044,0.682051282051282,"0.092308,0.258974,0.400000,0.553846,0.682051,0.830769,0.969231"
66,B1,0.6330369100986993,41.0,24.0,40,63,0.6307692307692307,-0.002267679329468586,0.6666666666666666,0.22351084812623276,0.6393212819767834,0.3333333333333333,0.6666666666666666,0.3333333333333333,0.003528778913394298,0.5109634399414062,0.742950439453125,0.23198699951171875,L4,0.5538461538461539,0.682051282051282,0.05128205128205121,0.682051282051282,"0.092308,0.258974,0.400000,0.553846,0.682051,0.830769,0.969231"
67,B1,0.633881074111812,35.0,30.0,34,63,0.5384615384615384,-0.09541953565027361,0.5925925925925926,0.2443567828183213,0.6818413372247363,0.48148148148148145,0.8888888888888888,0.4074074074074074,0.0037654653039268424,0.4174766540527344,0.6572036743164062,0.23972702026367188,L3,0.4,0.5538461538461539,0.015384615384615441,0.5538461538461539,"0.092308,0.258974,0.400000,0.553846,0.682051,0.830769,0.969231"
68,B1,0.5955925147093919,32.0,33.0,31,63,0.49230769230769234,-0.10328482240169956,0.4444444444444444,0.24920447074293228,0.6915560011699362,0.48148148148148145,0.7407407407407407,0.25925925925925924,0.00378698224852071,0.37232208251953125,0.6127414703369141,0.2404193878173828,L3,0.4,0.5538461538461539,0.06153846153846154,0.5538461538461539,"0.092308,0.258974,0.400000,0.553846,0.682051,0.830769,0.969231"
69,B1,0.5546226751851909,35.0,30.0,34,63,0.5384615384615384,-0.01616113672365249,0.4074074074074074,0.2586017970633355,0.7103877594149691,0.4074074074074074,0.5925925925925926,0.18518518518518517,0.0037654653039268424,0.4174766540527344,0.6572036743164062,0.23972702026367188,L3,0.4,0.5538461538461539,0.015384615384615441,0.5538461538461539,"0.092308,0.258974,0.400000,0.553846,0.682051,0.830769,0.969231"
70,B1,0.6155076083848543,32.0,33.0,31,63,0.49230769230769234,-0.12319991607716196,0.7037037037037037,0.2531930747315363,0.6995338386020575,0.48148148148148145,0.7407407407407407,0.25925925925925924,0.00378698224852071,0.37232208251953125,0.6127414703369141,0.2404193878173828,L3,0.4,0.5538461538461539,0.06153846153846154,0.5538461538461539,"0.092308,0.258974,0.400000,0.553846,0.682051,0.830769,0.969231"
71,B1,0.5821877009229294,36.0,29.0,35,63,0.5538461538461539,-0.028341547076775497,0.5185185185185185,0.2509051062897217,0.6949757540360187,0.3333333333333333,0.5555555555555556,0.22222222222222227,0.003743948359332975,0.4327583312988281,0.6717929840087891,0.23903465270996094,L4,0.5538461538461539,0.682051282051282,0.0,0.5538461538461539,"0.092308,0.258974,0.400000,0.553846,0.682051,0.830769,0.969231"
72,B1,0.6112792965586954,39.0,26.0,38,63,0.6,-0.011279296558695417,0.5555555555555556,0.2488888888888889,0.6910323384807305,0.4074074074074074,0.7407407407407407,0.3333333333333333,0.0036363636363636364,0.47931480407714844,0.7148532867431641,0.23553848266601562,L4,0.5538461538461539,0.682051282051282,0.0461538461538461,0.5538461538461539,"0.092308,0.258974,0.400000,0.553846,0.682051,0.830769,0.969231"
73,B1,0.6780104609902249,42.0,23.0,41,63,0.6461538461538462,-0.031856614836378694,0.6296296296296297,0.23346920885382424,0.6597455784101277,0.4444444444444444,0.7777777777777778,0.33333333333333337,0.003464228079612695,0.5269775390625,0.7568092346191406,0.22983169555664062,L4,0.5538461538461539,0.682051282051282,0.03589743589743577,0.682051282051282,"0.092308,0.258974,0.400000,0.553846,0.682051,0.830769,0.969231"
74,B1,0.5850909228798011,47.0,18.0,46,63,0.7230769230769231,0.13798600019712193,0.6666666666666666,0.22540433925049308,0.6441649494568765,0.48148148148148145,0.6666666666666666,0.18518518518518517,0.0030338891877353417,0.6091232299804688,0.8240337371826172,0.21491050720214844,L5,0.682051282051282,0.8307692307692308,0.0410256410256411,0.682051282051282,"0.092308,0.258974,0.400000,0.553846,0.682051,0.830769,0.969231"
75,B1,0.55874541125336,38.0,27.0,37,63,0.5846153846153846,0.02586997336202468,0.5555555555555556,0.24775805391190012,0.6886896851568319,0.5555555555555556,0.7777777777777778,0.2222222222222222,0.0036793975255513716,0.46367645263671875,0.7006187438964844,0.23694229125976562,L4,0.5538461538461539,0.682051282051282,0.03076923076923077,0.5538461538461539,"0.092308,0.258974,0.400000,0.553846,0.682051,0.830769,0.969231"
76,B1,0.5922075838032995,36.0,29.0,35,63,0.5538461538461539,-0.03836142995714564,0.5925925925925926,0.24292789831251368,0.6789592274827123,0.5185185185185185,0.6666666666666666,0.14814814814814814,0.003743948359332975,0.4327583312988281,0.6717929840087891,0.23903465270996094,L4,0.5538461538461539,0.682051282051282,0.0,0.5538461538461539,"0.092308,0.258974,0.400000,0.553846,0.682051,0.830769,0.969231"
77,B1,0.5940390636650026,38.0,27.0,37,63,0.5846153846153846,-0.009423679049617939,0.6296296296296297,0.23522244137628756,0.6633749226589019,0.4444444444444444,0.6296296296296297,0.18518518518518523,0.0036793975255513716,0.46367645263671875,0.7006187438964844,0.23694229125976562,L4,0.5538461538461539,0.682051282051282,0.03076923076923077,0.5538461538461539,"0.092308,0.258974,0.400000,0.553846,0.682051,0.830769,0.969231"
78,B1,0.6492874772090342,41.0,24.0,40,63,0.6307692307692307,-0.018518246439803487,0.7037037037037037,0.21382423843962306,0.6194872732228441,0.4444444444444444,0.8518518518518519,0.40740740740740744,0.003528778913394298,0.5109634399414062,0.742950439453125,0.23198699951171875,L4,0.5538461538461539,0.682051282051282,0.05128205128205121,0.682051282051282,"0.092308,0.258974,0.400000,0.553846,0.682051,0.830769,0.969231"
79,B1,0.6335548228511918,38.0,27.0,37,63,0.5846153846153846,-0.04893943823580715,0.6666666666666666,0.22895463510848127,0.6507175414099368,0.5555555555555556,0.7407407407407407,0.18518518518518512,0.0036793975255513716,0.46367645263671875,0.7006187438964844,0.23694229125976562,L4,0.5538461538461539,0.682051282051282,0.03076923076923077,0.5538461538461539,"0.092308,0.258974,0.400000,0.553846,0.682051,0.830769,0.969231"
80,B1,0.667584731365962,48.0,17.0,47,63,0.7384615384615385,0.07087680709557653,0.6296296296296297,0.245040543502082,0.6876261355994776,0.6666666666666666,0.7777777777777778,0.11111111111111116,0.0029263044647660033,0.6260089874267578,0.8370237350463867,0.2110147476196289,L5,0.682051282051282,0.8307692307692308,0.05641025641025654,0.682051282051282,"0.092308,0.258974,0.400000,0.553846,0.682051,0.830769,0.969231"
81,B1,0.6496470310491081,46.0,19.0,45,63,0.7076923076923077,0.058045276643199584,0.7037037037037037,0.20852071005917155,0.6077317748354768,0.6666666666666666,0.7407407407407407,0.07407407407407407,0.0031343015958400573,0.5923995971679688,0.810882568359375,0.21848297119140625,L5,0.682051282051282,0.8307692307692308,0.025641025641025772,0.682051282051282,"0.092308,0.258974,0.400000,0.553846,0.682051,0.830769,0.969231"
82,B1,0.6109580292160106,39.0,26.0,38,63,0.6,-0.010958029216010634,0.5555555555555556,0.2488888888888889,0.6910323384807305,0.4074074074074074,0.8148148148148148,0.4074074074074074,0.0036363636363636364,0.47931480407714844,0.7148532867431641,0.23553848266601562,L4,0.5538461538461539,0.682051282051282,0.0461538461538461,0.5538461538461539,"0.092308,0.258974,0.400000,0.553846,0.682051,0.830769,0.969231"
83,B1,0.6721030576999052,45.0,20.0,44,63,0.6923076923076923,0.020204634607787098,0.7037037037037037,0.20863467017313167,0.6080003997449703,0.4444444444444444,0.8148148148148148,0.37037037037037035,0.0032275416890801506,0.5758285522460938,0.7975788116455078,0.22175025939941406,L5,0.682051282051282,0.8307692307692308,0.010256410256410331,0.682051282051282,"0.092308,0.258974,0.400000,0.553846,0.682051,0.830769,0.969231"
84,B1,0.5750459379861557,37.0,28.0,36,63,0.5692307692307692,-0.005815168755386457,0.6296296296296297,0.2368441814595661,0.66669654335105,0.5185185185185185,0.6296296296296297,0.11111111111111116,0.0037152590998744844,0.44815826416015625,0.6862659454345703,0.23810768127441406,L4,0.5538461538461539,0.682051282051282,0.01538461538461533,0.5538461538461539,"0.092308,0.258974,0.400000,0.553846,0.682051,0.830769,0.969231"
85,B1,0.5534068109700792,39.0,26.0,38,63,0.6,0.04659318902992082,0.4444444444444444,0.27111111111111114,0.7360840171594154,0.2962962962962963,0.5185185185185185,0.2222222222222222,0.0036363636363636364,0.47931480407714844,0.7148532867431641,0.23553848266601562,L4,0.5538461538461539,0.682051282051282,0.0461538461538461,0.5538461538461539,"0.092308,0.258974,0.400000,0.553846,0.682051,0.830769,0.969231"
86,B1,0.5635071791163463,37.0,28.0,36,63,0.5692307692307692,0.005723590114422916,0.5555555555555556,0.24710059171597634,0.6873419805709774,0.3333333333333333,0.9259259259259259,0.5925925925925926,0.0037152590998744844,0.44815826416015625,0.6862659454345703,0.23810768127441406,L4,0.5538461538461539,0.682051282051282,0.01538461538461533,0.5538461538461539,"0.092308,0.258974,0.400000,0.553846,0.682051,0.830769,0.969231"
87,B1,0.6583539025894676,43.0,22.0,42,63,0.6615384615384615,0.003184558948993943,0.6296296296296297,0.2342143326758711,0.6613936958077213,0.48148148148148145,0.8148148148148148,0.3333333333333333,0.0033925049309664695,0.5431232452392578,0.7705364227294922,0.22741317749023438,L4,0.5538461538461539,0.682051282051282,0.02051282051282044,0.682051282051282,"0.092308,0.258974,0.400000,0.553846,0.682051,0.830769,0.969231"
88,B1,0.6192815845377081,37.0,28.0,36,63,0.5692307692307692,-0.05005081530693889,0.5925925925925926,0.24197238658777123,0.6770192619610137,0.5185185185185185,0.8148148148148148,0.2962962962962963,0.0037152590998744844,0.44815826416015625,0.6862659454345703,0.23810768127441406,L4,0.5538461538461539,0.682051282051282,0.01538461538461533,0.5538461538461539,"0.092308,0.258974,0.400000,0.553846,0.682051,0.830769,0.969231"
89,B1,0.5741907668550403,40.0,25.0,39,63,0.6153846153846154,0.04119384852957508,0.4444444444444444,0.27613412228796846,0.7466209431404428,0.48148148148148145,0.7037037037037037,0.22222222222222227,0.0035861574323112783,0.49507713317871094,0.7289638519287109,0.23388671875,L4,0.5538461538461539,0.682051282051282,0.06153846153846154,0.5538461538461539,"0.092308,0.258974,0.400000,0.553846,0.682051,0.830769,0.969231"
90,B1,0.6251567162655045,37.0,28.0,36,63,0.5692307692307692,-0.0559259470347353,0.7407407407407407,0.22145956607495065,0.6357283875211587,0.4074074074074074,0.6666666666666666,0.25925925925925924,0.0037152590998744844,0.44815826416015625,0.6862659454345703,0.23810768127441406,L4,0.5538461538461539,0.682051282051282,0.01538461538461533,0.5538461538461539,"0.092308,0.258974,0.400000,0.553846,0.682051,0.830769,0.969231"
91,B2,0.4228468154069753,26.0,39.0,25,63,0.4,-0.02284681540697525,0.6666666666666666,0.29333333333333333,0.7811356958381004,0.2962962962962963,0.5925925925925926,0.2962962962962963,0.0036363636363636364,0.28514671325683594,0.5206851959228516,0.23553848266601562,L3,0.4,0.5538461538461539,0.0,0.4,"0.092308,0.258974,0.400000,0.553846,0.682051,0.830769,0.969231"
92,B2,0.5044480562616604,30.0,35.0,29,63,0.46153846153846156,-0.042909594723198885,0.48148148148148145,0.25005478851632695,0.6932599061008294,0.37037037037037035,0.7777777777777778,0.40740740740740744,0.0037654653039268424,0.34279632568359375,0.5825233459472656,0.23972702026367188,L3,0.4,0.5538461538461539,0.06153846153846154,0.4,"0.092308,0.258974,0.400000,0.553846,0.682051,0.830769,0.969231"
93,B2,0.46692344133610464,34.0,31.0,33,63,0.5230769230769231,0.05615348174081847,0.48148148148148145,0.2513872452333991,0.6959240223844466,0.37037037037037035,0.7407407407407407,0.37037037037037035,0.0037798099336560876,0.4023094177246094,0.6424980163574219,0.2401885986328125,L3,0.4,0.5538461538461539,0.03076923076923077,0.5538461538461539,"0.092308,0.258974,0.400000,0.553846,0.682051,0.830769,0.969231"
94,B2,0.4571531839144724,31.0,34.0,30,63,0.47692307692307695,0.019769893008604544,0.37037037037037035,0.24454963839579222,0.6822390860687407,0.2962962962962963,0.8148148148148148,0.5185185185185185,0.0037798099336560876,0.3575019836425781,0.5976905822753906,0.2401885986328125,L3,0.4,0.5538461538461539,0.07692307692307693,0.4,"0.092308,0.258974,0.400000,0.553846,0.682051,0.830769,0.969231"
95,B2,0.4452268133721815,35.0,30.0,34,63,0.5384615384615384,0.09323472508935693,0.5555555555555556,0.24720578566732415,0.6875506216627827,0.2222222222222222,0.4444444444444444,0.2222222222222222,0.0037654653039268424,0.4174766540527344,0.6572036743164062,0.23972702026367188,L3,0.4,0.5538461538461539,0.015384615384615441,0.5538461538461539,"0.092308,0.258974,0.400000,0.553846,0.682051,0.830769,0.969231"
96,B2,0.4945423889678333,34.0,31.0,33,63,0.5230769230769231,0.028534534109089793,0.5185185185185185,0.2496778435239974,0.6925027883055201,0.2222222222222222,0.5925925925925926,0.37037037037037035,0.0037798099336560876,0.4023094177246094,0.6424980163574219,0.2401885986328125,L3,0.4,0.5538461538461539,0.03076923076923077,0.5538461538461539,"0.092308,0.258974,0.400000,0.553846,0.682051,0.830769,0.969231"
97,B2,0.4542718915830086,34.0,31.0,33,63,0.5230769230769231,0.06880503149391448,0.4444444444444444,0.2530966469428008,0.699345256463373,0.4074074074074074,0.6296296296296297,0.22222222222222227,0.0037798099336560876,0.4023094177246094,0.6424980163574219,0.2401885986328125,L3,0.4,0.5538461538461539,0.03076923076923077,0.5538461538461539,"0.092308,0.258974,0.400000,0.553846,0.682051,0.830769,0.969231"
98,B2,0.4131474878974152,17.0,48.0,16,63,0.26153846153846155,-0.15160902635895362,0.3333333333333333,0.22737672583826432,0.6491821479383044,0.2222222222222222,0.6296296296296297,0.40740740740740744,0.0029263044647660033,0.16297626495361328,0.3739910125732422,0.2110147476196289,L2,0.258974358974359,0.4,0.002564102564102555,0.258974358974359,"0.092308,0.258974,0.400000,0.553846,0.682051,0.830769,0.969231"
99,B2,0.4177008853180773,24.0,41.0,23,63,0.36923076923076925,-0.04847011608730806,0.3333333333333333,0.22351084812623276,0.6393212819767834,0.2962962962962963,0.5925925925925926,0.2962962962962963,0.003528778913394298,0.257049560546875,0.48903656005859375,0.23198699951171875,L2,0.258974358974359,0.4,0.03076923076923077,0.4,"0.092308,0.258974,0.400000,0.553846,0.682051,0.830769,0.969231"
100,B2,0.5442846496824272,37.0,28.0,36,63,0.5692307692307692,0.024946119548342027,0.5555555555555556,0.24710059171597637,0.6873419805709774,0.4074074074074074,0.6296296296296297,0.22222222222222227,0.0037152590998744844,0.44815826416015625,0.6862659454345703,0.23810768127441406,L4,0.5538461538461539,0.682051282051282,0.01538461538461533,0.5538461538461539,"0.092308,0.258974,0.400000,0.553846,0.682051,0.830769,0.969231"
101,B2,0.5362871036061411,31.0,34.0,30,63,0.47692307692307695,-0.05936402668306412,0.4444444444444444,0.24796844181459562,0.6890815542265938,0.4444444444444444,0.6666666666666666,0.2222222222222222,0.0037798099336560876,0.3575019836425781,0.5976905822753906,0.2401885986328125,L3,0.4,0.5538461538461539,0.07692307692307693,0.4,"0.092308,0.258974,0.400000,0.553846,0.682051,0.830769,0.969231"
102,B2,0.5049560700716125,29.0,36.0,28,63,0.4461538461538462,-0.058802223917766294,0.5925925925925926,0.26287091825553366,0.719000543865978,0.4444444444444444,0.7407407407407407,0.2962962962962963,0.003743948359332975,0.32820701599121094,0.5672416687011719,0.23903465270996094,L3,0.4,0.5538461538461539,0.046153846153846156,0.4,"0.092308,0.258974,0.400000,0.553846,0.682051,0.830769,0.969231"
103,B2,0.43988049421892794,29.0,36.0,28,63,0.4461538461538462,0.0062733519349182365,0.4074074074074074,0.24292789831251374,0.6789592274827121,0.2962962962962963,0.4444444444444444,0.14814814814814814,0.003743948359332975,0.32820701599121094,0.5672416687011719,0.23903465270996094,L3,0.4,0.5538461538461539,0.046153846153846156,0.4,"0.092308,0.258974,0.400000,0.553846,0.682051,0.830769,0.969231"
104,B2,0.5453764566021586,42.0,23.0,41,63,0.6461538461538462,0.10077738955168758,0.5555555555555556,0.25512163050624587,0.7043511637696993,0.25925925925925924,0.5555555555555556,0.29629629629629634,0.003464228079612695,0.5269775390625,0.7568092346191406,0.22983169555664062,L4,0.5538461538461539,0.682051282051282,0.03589743589743577,0.682051282051282,"0.092308,0.258974,0.400000,0.553846,0.682051,0.830769,0.969231"
105,B2,0.5168126355948692,30.0,35.0,29,63,0.46153846153846156,-0.055274174056407666,0.4444444444444444,0.24720578566732418,0.6875506216627828,0.4444444444444444,0.48148148148148145,0.037037037037037035,0.0037654653039268424,0.34279632568359375,0.5825233459472656,0.23972702026367188,L3,0.4,0.5538461538461539,0.06153846153846154,0.4,"0.092308,0.258974,0.400000,0.553846,0.682051,0.830769,0.969231"
106,B2,0.5075335283738494,35.0,30.0,34,63,0.5384615384615384,0.030928010087689084,0.4444444444444444,0.2557527942143327,0.7046784749769225,0.2222222222222222,0.4444444444444444,0.2222222222222222,0.0037654653039268424,0.4174766540527344,0.6572036743164062,0.23972702026367188,L3,0.4,0.5538461538461539,0.015384615384615441,0.5538461538461539,"0.092308,0.258974,0.400000,0.553846,0.682051,0.830769,0.969231"
107,B2,0.46740422532156833,29.0,36.0,28,63,0.4461538461538462,-0.021250379167722155,0.4074074074074074,0.24292789831251368,0.678959227482712,0.37037037037037035,0.6666666666666666,0.2962962962962963,0.003743948359332975,0.32820701599121094,0.5672416687011719,0.23903465270996094,L3,0.4,0.5538461538461539,0.046153846153846156,0.4,"0.092308,0.258974,0.400000,0.553846,0.682051,0.830769,0.969231"
108,B2,0.4408362342767739,27.0,38.0,26,63,0.4153846153846154,-0.025451618892158467,0.48148148148148145,0.2540258601797063,0.701347066405797,0.4074074074074074,0.48148148148148145,0.07407407407407407,0.0036793975255513716,0.2993812561035156,0.5363235473632812,0.23694229125976562,L3,0.4,0.5538461538461539,0.015384615384615385,0.4,"0.092308,0.258974,0.400000,0.553846,0.682051,0.830769,0.969231"
109,B2,0.4144586443230249,21.0,44.0,20,63,0.3230769230769231,-0.09138172124610183,0.25925925925925924,0.19611658996274386,0.5819632053612227,0.25925925925925924,0.5555555555555556,0.29629629629629634,0.0033136094674556214,0.21587181091308594,0.4405937194824219,0.22472190856933594,L2,0.258974358974359,0.4,0.0641025641025641,0.258974358974359,"0.092308,0.258974,0.400000,0.553846,0.682051,0.830769,0.969231"
110,B2,0.5353903594815763,38.0,27.0,37,63,0.5846153846153846,0.04922502513380833,0.5925925925925926,0.2414902476440938,0.676032303907867,0.3333333333333333,0.6666666666666666,0.3333333333333333,0.0036793975255513716,0.46367645263671875,0.7006187438964844,0.23694229125976562,L4,0.5538461538461539,0.682051282051282,0.03076923076923077,0.5538461538461539,"0.092308,0.258974,0.400000,0.553846,0.682051,0.830769,0.969231"
111,B2,0.4683664434750417,29.0,36.0,28,63,0.4461538461538462,-0.022212597321195515,0.4444444444444444,0.24691650230111772,0.6869674907593653,0.5185185185185185,0.4444444444444444,-0.07407407407407407,0.003743948359332975,0.32820701599121094,0.5672416687011719,0.23903465270996094,L3,0.4,0.5538461538461539,0.046153846153846156,0.4,"0.092308,0.258974,0.400000,0.553846,0.682051,0.830769,0.969231"
112,B2,0.4303545047192846,31.0,34.0,30,63,0.47692307692307695,0.04656857220379235,0.4444444444444444,0.24796844181459562,0.6890815542265939,0.2962962962962963,0.5555555555555556,0.2592592592592593,0.0037798099336560876,0.3575019836425781,0.5976905822753906,0.2401885986328125,L3,0.4,0.5538461538461539,0.07692307692307693,0.4,"0.092308,0.258974,0.400000,0.553846,0.682051,0.830769,0.969231"
113,B2,0.4458934936225979,28.0,37.0,27,63,0.4307692307692308,-0.015124262853367099,0.37037037037037035,0.2368441814595661,0.66669654335105,0.3333333333333333,0.7777777777777778,0.4444444444444445,0.0037152590998744844,0.3137340545654297,0.5518417358398438,0.23810768127441406,L3,0.4,0.5538461538461539,0.03076923076923077,0.4,"0.092308,0.258974,0.400000,0.553846,0.682051,0.830769,0.969231"
114,B2,0.48688293534128446,40.0,25.0,39,63,0.6153846153846154,0.12850168004333096,0.4074074074074074,0.284681130834977,0.764028484964359,0.1111111111111111,0.5555555555555556,0.4444444444444445,0.0035861574323112783,0.49507713317871094,0.7289638519287109,0.23388671875,L4,0.5538461538461539,0.682051282051282,0.06153846153846154,0.5538461538461539,"0.092308,0.258974,0.400000,0.553846,0.682051,0.830769,0.969231"
115,B2,0.4265159174408848,21.0,44.0,20,63,0.3230769230769231,-0.1034389943639617,0.5555555555555556,0.3009598948060487,0.8011238560856193,0.3333333333333333,0.5925925925925926,0.25925925925925924,0.0033136094674556214,0.21587181091308594,0.4405937194824219,0.22472190856933594,L2,0.258974358974359,0.4,0.0641025641025641,0.258974358974359,"0.092308,0.258974,0.400000,0.553846,0.682051,0.830769,0.969231"
116,B2,0.5284921426138564,28.0,37.0,27,63,0.4307692307692308,-0.09772291184462556,0.5925925925925926,0.26761341222879687,0.7286328550108323,0.37037037037037035,0.5925925925925926,0.2222222222222222,0.0037152590998744844,0.3137340545654297,0.5518417358398438,0.23810768127441406,L3,0.4,0.5538461538461539,0.03076923076923077,0.4,"0.092308,0.258974,0.400000,0.553846,0.682051,0.830769,0.969231"
117,B2,0.5137779294752816,37.0,28.0,36,63,0.5692307692307692,0.05545283975548765,0.6296296296296297,0.23684418145956607,0.6666965433510499,0.1111111111111111,0.6666666666666666,0.5555555555555556,0.0037152590998744844,0.44815826416015625,0.6862659454345703,0.23810768127441406,L4,0.5538461538461539,0.682051282051282,0.01538461538461533,0.5538461538461539,"0.092308,0.258974,0.400000,0.553846,0.682051,0.830769,0.969231"
118,B2,0.5079194433926406,27.0,38.0,26,63,0.4153846153846154,-0.0925348280080252,0.3333333333333333,0.22895463510848124,0.6507175414099368,0.4074074074074074,0.7777777777777778,0.3703703703703704,0.0036793975255513716,0.2993812561035156,0.5363235473632812,0.23694229125976562,L3,0.4,0.5538461538461539,0.015384615384615385,0.4,"0.092308,0.258974,0.400000,0.553846,0.682051,0.830769,0.969231"
119,B2,0.46481395596626557,32.0,33.0,31,63,0.49230769230769234,0.027493736341426767,0.4074074074074074,0.24863467017313173,0.6904163101082046,0.4074074074074074,0.48148148148148145,0.07407407407407407,0.00378698224852071,0.37232208251953125,0.6127414703369141,0.2404193878173828,L3,0.4,0.5538461538461539,0.06153846153846154,0.5538461538461539,"0.092308,0.258974,0.400000,0.553846,0.682051,0.830769,0.969231"
120,B2,0.4940963261053665,30.0,35.0,29,63,0.46153846153846156,-0.03255786456690496,0.5555555555555556,0.2557527942143327,0.7046784749769225,0.48148148148148145,0.5925925925925926,0.1111111111111111,0.0037654653039268424,0.34279632568359375,0.5825233459472656,0.23972702026367188,L3,0.4,0.5538461538461539,0.06153846153846154,0.4,"0.092308,0.258974,0.400000,0.553846,0.682051,0.830769,0.969231"
121,C1,0.33761469533691035,29.0,36.0,28,63,0.4461538461538462,0.10853915081693583,0.4074074074074074,0.24292789831251368,0.678959227482712,0.1111111111111111,0.48148148148148145,0.37037037037037035,0.003743948359332975,0.32820701599121094,0.5672416687011719,0.23903465270996094,L3,0.4,0.5538461538461539,0.046153846153846156,0.4,"0.092308,0.258974,0.400000,0.553846,0.682051,0.830769,0.969231"
122,C1,0.347476990233223,31.0,34.0,30,63,0.47692307692307695,0.12944608668985397,0.25925925925925924,0.2394214332675871,0.6719753838319613,0.25925925925925924,0.5185185185185185,0.25925925925925924,0.0037798099336560876,0.3575019836425781,0.5976905822753906,0.2401885986328125,L3,0.4,0.5538461538461539,0.07692307692307693,0.4,"0.092308,0.258974,0.400000,0.553846,0.682051,0.830769,0.969231"
123,C1,0.26266664817098334,9.0,56.0,8,63,0.13846153846153847,-0.12420510970944487,0.2222222222222222,0.17985535831689678,0.5552860488046945,0.037037037037037035,0.4074074074074074,0.37037037037037035,0.0018074233458848844,0.06637382507324219,0.23152542114257812,0.16515159606933594,L1,0.09230769230769231,0.258974358974359,0.046153846153846156,0.09230769230769231,"0.092308,0.258974,0.400000,0.553846,0.682051,0.830769,0.969231"
124,C1,0.31237111032559145,13.0,52.0,12,63,0.2,-0.11237111032559144,0.2962962962962963,0.21777777777777785,0.6338974360904736,0.18518518518518517,0.4444444444444444,0.25925925925925924,0.0024242424242424242,0.11282920837402344,0.3046226501464844,0.19179344177246094,L1,0.09230769230769231,0.258974358974359,0.05897435897435899,0.258974358974359,"0.092308,0.258974,0.400000,0.553846,0.682051,0.830769,0.969231"
125,C1,0.25624212607928387,19.0,46.0,18,63,0.2923076923076923,0.03606556622840845,0.1111111111111111,0.13159763313609465,0.44399058644239275,0.18518518518518517,0.37037037037037035,0.18518518518518517,0.0031343015958400573,0.189117431640625,0.40760040283203125,0.21848297119140625,L2,0.258974358974359,0.4,0.033333333333333326,0.258974358974359,"0.092308,0.258974,0.400000,0.553846,0.682051,0.830769,0.969231"
126,C1,0.32409862288667785,22.0,43.0,21,63,0.3384615384615385,0.014362915574860635,0.5555555555555556,0.29404339250493094,0.7854969666105449,0.2962962962962963,0.3333333333333333,0.037037037037037035,0.0033925049309664695,0.2294635772705078,0.4568767547607422,0.22741317749023438,L2,0.258974358974359,0.4,0.06153846153846154,0.4,"0.092308,0.258974,0.400000,0.553846,0.682051,0.830769,0.969231"
127,C1,0.2994791818499178,22.0,43.0,21,63,0.3384615384615385,0.038982356611620694,0.2962962962962963,0.21028270874424718,0.6117523874865922,0.2222222222222222,0.25925925925925924,0.037037037037037035,0.0033925049309664695,0.2294635772705078,0.4568767547607422,0.22741317749023438,L2,0.258974358974359,0.4,0.06153846153846154,0.4,"0.092308,0.258974,0.400000,0.553846,0.682051,0.830769,0.969231"
128,C1,0.271678628329907,16.0,49.0,15,63,0.24615384615384617,-0.025524782176060856,0.2222222222222222,0.17341222879684418,0.5312850997563094,0.14814814814814814,0.4074074074074074,0.25925925925925924,0.0028115474269320424,0.15015602111816406,0.35693359375,0.20677757263183594,L1,0.09230769230769231,0.258974358974359,0.01282051282051283,0.258974358974359,"0.092308,0.258974,0.400000,0.553846,0.682051,0.830769,0.969231"
129,C1,0.26551044515838274,13.0,52.0,12,63,0.2,-0.06551044515838272,0.3333333333333333,0.24000000000000005,0.6852416716875065,0.07407407407407407,0.5185185185185185,0.4444444444444444,0.0024242424242424242,0.11282920837402344,0.3046226501464844,0.19179344177246094,L1,0.09230769230769231,0.258974358974359,0.05897435897435899,0.258974358974359,"0.092308,0.258974,0.400000,0.553846,0.682051,0.830769,0.969231"
130,C1,0.3381466858266568,24.0,41.0,23,63,0.36923076923076925,0.03108408340411245,0.25925925925925924,0.2041376287530134,0.5996532644689047,0.2222222222222222,0.48148148148148145,0.25925925925925924,0.003528778913394298,0.257049560546875,0.48903656005859375,0.23198699951171875,L2,0.258974358974359,0.4,0.03076923076923077,0.4,"0.092308,0.258974,0.400000,0.553846,0.682051,0.830769,0.969231"
131,C1,0.2755889452805329,17.0,48.0,16,63,0.26153846153846155,-0.014050483742071351,0.3333333333333333,0.22737672583826432,0.6491821479383044,0.2222222222222222,0.48148148148148145,0.25925925925925924,0.0029263044647660033,0.16297626495361328,0.3739910125732422,0.2110147476196289,L2,0.258974358974359,0.4,0.002564102564102555,0.258974358974359,"0.092308,0.258974,0.400000,0.553846,0.682051,0.830769,0.969231"
132,C1,0.3887680177565196,24.0,41.0,23,63,0.36923076923076925,-0.01953724852575034,0.48148148148148145,0.26225728687267147,0.7186573169925408,0.2962962962962963,0.5555555555555556,0.2592592592592593,0.003528778913394298,0.257049560546875,0.48903656005859375,0.23198699951171875,L2,0.258974358974359,0.4,0.03076923076923077,0.4,"0.092308,0.258974,0.400000,0.553846,0.682051,0.830769,0.969231"
133,C1,0.33715917095505926,19.0,46.0,18,63,0.2923076923076923,-0.04485147864736694,0.2222222222222222,0.1777514792899408,0.5422352994782433,0.07407407407407407,0.48148148148148145,0.4074074074074074,0.0031343015958400573,0.189117431640625,0.40760040283203125,0.21848297119140625,L2,0.258974358974359,0.4,0.033333333333333326,0.258974358974359,"0.092308,0.258974,0.400000,0.553846,0.682051,0.830769,0.969231"
134,C1,0.3020304706802256,20.0,45.0,19,63,0.3076923076923077,0.005661837012082116,0.14814814814814814,0.15165461319307472,0.487862589935144,0.25925925925925924,0.4444444444444444,0.18518518518518517,0.0032275416890801506,0.2024211883544922,0.42417144775390625,0.22175025939941406,L2,0.258974358974359,0.4,0.04871794871794871,0.258974358974359,"0.092308,0.258974,0.400000,0.553846,0.682051,0.830769,0.969231"
135,C1,0.33863732372221256,18.0,47.0,17,63,0.27692307692307694,-0.06171424679913562,0.5185185185185185,0.3080254218715756,0.8219012168298199,0.2222222222222222,0.48148148148148145,0.25925925925925924,0.0030338891877353417,0.1759662628173828,0.39087677001953125,0.21491050720214844,L2,0.258974358974359,0.4,0.01794871794871794,0.258974358974359,"0.092308,0.258974,0.400000,0.553846,0.682051,0.830769,0.969231"
136,C1,0.2534205806544546,21.0,44.0,20,63,0.3230769230769231,0.06965634242246849,0.2962962962962963,0.20922200306815697,0.6093582867017724,0.14814814814814814,0.2222222222222222,0.07407407407407407,0.0033136094674556214,0.21587181091308594,0.4405937194824219,0.22472190856933594,L2,0.258974358974359,0.4,0.0641025641025641,0.258974358974359,"0.092308,0.258974,0.400000,0.553846,0.682051,0.830769,0.969231"
137,C1,0.39378388198621683,26.0,39.0,25,63,0.4,0.0062161180137831895,0.3333333333333333,0.2266666666666667,0.6459806598020457,0.1111111111111111,0.5925925925925926,0.48148148148148145,0.0036363636363636364,0.28514671325683594,0.5206851959228516,0.23553848266601562,L3,0.4,0.5538461538461539,0.0,0.4,"0.092308,0.258974,0.400000,0.553846,0.682051,0.830769,0.969231"
138,C1,0.32234551554143503,26.0,39.0,25,63,0.4,0.07765448445856499,0.25925925925925924,0.2118518518518519,0.6159462073495888,0.25925925925925924,0.6296296296296297,0.3703703703703704,0.0036363636363636364,0.28514671325683594,0.5206851959228516,0.23553848266601562,L3,0.4,0.5538461538461539,0.0,0.4,"0.092308,0.258974,0.400000,0.553846,0.682051,0.830769,0.969231"
139,C1,0.36741028408754295,26.0,39.0,25,63,0.4,0.03258971591245707,0.37037037037037035,0.23407407407407413,0.6609978860282739,0.2962962962962963,0.1111111111111111,-0.18518518518518517,0.0036363636363636364,0.28514671325683594,0.5206851959228516,0.23553848266601562,L3,0.4,0.5538461538461539,0.0,0.4,"0.092308,0.258974,0.400000,0.553846,0.682051,0.830769,0.969231"
140,C1,0.26240949998836577,22.0,43.0,21,63,0.3384615384615385,0.07605203847317271,0.25925925925925924,0.1983168967784352,0.5869317333260274,0.14814814814814814,0.4074074074074074,0.25925925925925924,0.0033925049309664695,0.2294635772705078,0.4568767547607422,0.22741317749023438,L2,0.258974358974359,0.4,0.06153846153846154,0.4,"0.092308,0.258974,0.400000,0.553846,0.682051,0.830769,0.969231"
141,C1,0.32299874962572406,18.0,47.0,17,63,0.27692307692307694,-0.04607567270264712,0.1111111111111111,0.12625904010519398,0.4308814286093445,0.2222222222222222,0.3333333333333333,0.1111111111111111,0.0030338891877353417,0.1759662628173828,0.39087677001953125,0.21491050720214844,L2,0.258974358974359,0.4,0.01794871794871794,0.258974358974359,"0.092308,0.258974,0.400000,0.553846,0.682051,0.830769,0.969231"
142,C1,0.32360604915317814,21.0,44.0,20,63,0.3230769230769231,-0.0005291260762550487,0.37037037037037035,0.23543282927898315,0.6641484493828714,0.2962962962962963,0.18518518518518517,-0.1111111111111111,0.0033136094674556214,0.21587181091308594,0.4405937194824219,0.22472190856933594,L2,0.258974358974359,0.4,0.0641025641025641,0.258974358974359,"0.092308,0.258974,0.400000,0.553846,0.682051,0.830769,0.969231"
143,C1,0.39067396824624745,28.0,37.0,27,63,0.4307692307692308,0.040095262522983344,0.37037037037037035,0.2368441814595661,0.6666965433510499,0.25925925925925924,0.48148148148148145,0.2222222222222222,0.0037152590998744844,0.3137340545654297,0.5518417358398438,0.23810768127441406,L3,0.4,0.5538461538461539,0.03076923076923077,0.4,"0.092308,0.258974,0.400000,0.553846,0.682051,0.830769,0.969231"
144,C1,0.33575920785641133,19.0,46.0,18,63,0.2923076923076923,-0.04345151554871901,0.3333333333333333,0.223905325443787,0.6404800125140937,0.2222222222222222,0.48148148148148145,0.25925925925925924,0.0031343015958400573,0.189117431640625,0.40760040283203125,0.21848297119140625,L2,0.258974358974359,0.4,0.033333333333333326,0.258974358974359,"0.092308,0.258974,0.400000,0.553846,0.682051,0.830769,0.969231"
145,C1,0.3210234101585431,22.0,43.0,21,63,0.3384615384615385,0.017438128302995404,0.14814814814814814,0.16241946088099934,0.5124697708443334,0.25925925925925924,0.25925925925925924,0.0,0.0033925049309664695,0.2294635772705078,0.4568767547607422,0.22741317749023438,L2,0.258974358974359,0.4,0.06153846153846154,0.4,"0.092308,0.258974,0.400000,0.553846,0.682051,0.830769,0.969231"
146,C1,0.29004634946378405,19.0,46.0,18,63,0.2923076923076923,0.002261342843908276,0.2962962962962963,0.2085207100591716,0.6077317748354768,0.1111111111111111,0.3333333333333333,0.2222222222222222,0.0031343015958400573,0.189117431640625,0.40760040283203125,0.21848297119140625,L2,0.258974358974359,0.4,0.033333333333333326,0.258974358974359,"0.092308,0.258974,0.400000,0.553846,0.682051,0.830769,0.969231"
147,C1,0.2997353496013828,21.0,44.0,20,63,0.3230769230769231,0.023341573475540278,0.3333333333333333,0.22232741617357005,0.636753368042322,0.037037037037037035,0.5555555555555556,0.5185185185185186,0.0033136094674556214,0.21587181091308594,0.4405937194824219,0.22472190856933594,L2,0.258974358974359,0.4,0.0641025641025641,0.258974358974359,"0.092308,0.258974,0.400000,0.553846,0.682051,0.830769,0.969231"
148,C1,0.32810086037073066,22.0,43.0,21,63,0.3384615384615385,0.010360678090807818,0.2962962962962963,0.2102827087442472,0.6117523874865922,0.2222222222222222,0.5185185185185185,0.2962962962962963,0.0033925049309664695,0.2294635772705078,0.4568767547607422,0.22741317749023438,L2,0.258974358974359,0.4,0.06153846153846154,0.4,"0.092308,0.258974,0.400000,0.553846,0.682051,0.830769,0.969231"
149,C1,0.315836719045757,23.0,42.0,22,63,0.35384615384615387,0.03800943480039687,0.25925925925925924,0.20099057637519172,0.59283720037077,0.18518518518518517,0.37037037037037035,0.18518518518518517,0.003464228079612695,0.24319076538085938,0.4730224609375,0.22983169555664062,L2,0.258974358974359,0.4,0.046153846153846156,0.4,"0.092308,0.258974,0.400000,0.553846,0.682051,0.830769,0.969231"
150,C1,0.2532418119820496,13.0,52.0,12,63,0.2,-0.05324181198204958,0.2962962962962963,0.21777777777777788,0.6338974360904736,0.2962962962962963,0.3333333333333333,0.037037037037037035,0.0024242424242424242,0.11282920837402344,0.3046226501464844,0.19179344177246094,L1,0.09230769230769231,0.258974358974359,0.05897435897435899,0.258974358974359,"0.092308,0.258974,0.400000,0.553846,0.682051,0.830769,0.969231"
151,C2,0.22394378862915368,19.0,46.0,18,63,0.2923076923076923,0.06836390367853865,0.18518518518518517,0.16236686390532545,0.5094870617996264,0.07407407407407407,0.4074074074074074,0.3333333333333333,0.0031343015958400573,0.189117431640625,0.40760040283203125,0.21848297119140625,L2,0.258974358974359,0.4,0.033333333333333326,0.258974358974359,"0.092308,0.258974,0.400000,0.553846,0.682051,0.830769,0.969231"
152,C2,0.234424115775965,18.0,47.0,17,63,0.27692307692307694,0.042498961147111936,0.2222222222222222,0.17583168967784354,0.5375231890331105,0.037037037037037035,0.4444444444444444,0.4074074074074074,0.0030338891877353417,0.1759662628173828,0.39087677001953125,0.21491050720214844,L2,0.258974358974359,0.4,0.01794871794871794,0.258974358974359,"0.092308,0.258974,0.400000,0.553846,0.682051,0.830769,0.969231"
153,C2,0.12103736334979162,9.0,56.0,8,63,0.13846153846153847,0.017424175111746848,0.1111111111111111,0.09951347797501642,0.35216081398259114,0.07407407407407407,0.2962962962962963,0.2222222222222222,0.0018074233458848844,0.06637382507324219,0.23152542114257812,0.16515159606933594,L1,0.09230769230769231,0.258974358974359,0.046153846153846156,0.09230769230769231,"0.092308,0.258974,0.400000,0.553846,0.682051,0.830769,0.969231"
154,C2,0.1831054215308574,21.0,44.0,20,63,0.3230769230769231,0.1399715015460657,0.37037037037037035,0.23543282927898318,0.6641484493828714,0.037037037037037035,0.48148148148148145,0.4444444444444444,0.0033136094674556214,0.21587181091308594,0.4405937194824219,0.22472190856933594,L2,0.258974358974359,0.4,0.0641025641025641,0.258974358974359,"0.092308,0.258974,0.400000,0.553846,0.682051,0.830769,0.969231"
155,C2,0.11628636117031654,8.0,57.0,7,63,0.12307692307692308,0.00679056190660654,0.14814814814814814,0.1268288406749945,0.4222411466766001,0.14814814814814814,0.25925925925925924,0.1111111111111111,0.001635287789133943,0.055542945861816406,0.21245765686035156,0.15691471099853516,L1,0.09230769230769231,0.258974358974359,0.03076923076923077,0.09230769230769231,"0.092308,0.258974,0.400000,0.553846,0.682051,0.830769,0.969231"
156,C2,0.20083601395597175,10.0,55.0,9,63,0.15384615384615385,-0.0469898601098179,0.18518518518518517,0.15187376725838264,0.4827481758184301,0.1111111111111111,0.37037037037037035,0.25925925925925924,0.0019723865877712033,0.07755756378173828,0.25023651123046875,0.17267894744873047,L1,0.09230769230769231,0.258974358974359,0.06153846153846154,0.09230769230769231,"0.092308,0.258974,0.400000,0.553846,0.682051,0.830769,0.969231"
157,C2,0.14218506757585125,12.0,53.0,11,63,0.18461538461538463,0.04243031703953337,0.037037037037037035,0.057444663598509756,0.2591096253718161,0.14814814814814814,0.37037037037037035,0.2222222222222222,0.002280796126949973,0.1008148193359375,0.2867546081542969,0.18593978881835938,L1,0.09230769230769231,0.258974358974359,0.07435897435897437,0.258974358974359,"0.092308,0.258974,0.400000,0.553846,0.682051,0.830769,0.969231"
158,C2,0.19891339520378526,13.0,52.0,12,63,0.2,0.0010866047962147518,0.18518518518518517,0.15111111111111114,0.47986472929937457,0.14814814814814814,0.4074074074074074,0.25925925925925924,0.0024242424242424242,0.11282920837402344,0.3046226501464844,0.19179344177246094,L1,0.09230769230769231,0.258974358974359,0.05897435897435899,0.258974358974359,"0.092308,0.258974,0.400000,0.553846,0.682051,0.830769,0.969231"
159,C2,0.20904919214303241,16.0,49.0,15,63,0.24615384615384617,0.037104654010813753,0.25925925925925924,0.192215647600263,0.5727381210848593,0.1111111111111111,0.3333333333333333,0.2222222222222222,0.0028115474269320424,0.15015602111816406,0.35693359375,0.20677757263183594,L1,0.09230769230769231,0.258974358974359,0.01282051282051283,0.258974358974359,"0.092308,0.258974,0.400000,0.553846,0.682051,0.830769,0.969231"
160,C2,0.21529712378764854,13.0,52.0,12,63,0.2,-0.015297123787648526,0.14814814814814814,0.12888888888888891,0.4285204937023416,0.037037037037037035,0.3333333333333333,0.2962962962962963,0.0024242424242424242,0.11282920837402344,0.3046226501464844,0.19179344177246094,L1,0.09230769230769231,0.258974358974359,0.05897435897435899,0.258974358974359,"0.092308,0.258974,0.400000,0.553846,0.682051,0.830769,0.969231"
161,C2,0.11616114189338449,9.0,56.0,8,63,0.13846153846153847,0.022300396568153982,0.18518518518518517,0.15307473153627,0.4875776371973267,0.1111111111111111,0.25925925925925924,0.14814814814814814,0.0018074233458848844,0.06637382507324219,0.23152542114257812,0.16515159606933594,L1,0.09230769230769231,0.258974358974359,0.046153846153846156,0.09230769230769231,"0.092308,0.258974,0.400000,0.553846,0.682051,0.830769,0.969231"
162,C2,0.2374017767706412,12.0,53.0,11,63,0.18461538461538463,-0.05278639215525657,0.25925925925925924,0.19761560376944992,0.5891952395416209,0.2222222222222222,0.4074074074074074,0.18518518518518517,0.002280796126949973,0.1008148193359375,0.2867546081542969,0.18593978881835938,L1,0.09230769230769231,0.258974358974359,0.07435897435897437,0.258974358974359,"0.092308,0.258974,0.400000,0.553846,0.682051,0.830769,0.969231"
163,C2,0.13453209863423213,11.0,54.0,10,63,0.16923076923076924,0.03469867059653711,0.1111111111111111,0.10214332675871136,0.3621908648609076,0.14814814814814814,0.18518518518518517,0.037037037037037035,0.0021301775147928993,0.0890493392944336,0.2686347961425781,0.17958545684814453,L1,0.09230769230769231,0.258974358974359,0.07692307692307693,0.09230769230769231,"0.092308,0.258974,0.400000,0.553846,0.682051,0.830769,0.969231"
164,C2,0.10561188342642697,6.0,59.0,5,63,0.09230769230769231,-0.013304191118734654,0.14814814814814814,0.1293184308568924,0.4354836000162382,0.1111111111111111,0.2222222222222222,0.1111111111111111,0.0012694997310381925,0.0351872444152832,0.17297840118408203,0.13779115676879883,L1,0.09230769230769231,0.258974358974359,0.0,0.09230769230769231,"0.092308,0.258974,0.400000,0.553846,0.682051,0.830769,0.969231"
165,C2,0.18322787040872252,16.0,49.0,15,63,0.24615384615384617,0.06292597574512365,0.2962962962962963,0.2110190664036818,0.6141911424134089,0.07407407407407407,0.37037037037037035,0.2962962962962963,0.0028115474269320424,0.15015602111816406,0.35693359375,0.20677757263183594,L1,0.09230769230769231,0.258974358974359,0.01282051282051283,0.258974358974359,"0.092308,0.258974,0.400000,0.553846,0.682051,0.830769,0.969231"
166,C2,0.15563834257936582,15.0,50.0,14,63,0.23076923076923078,0.07513088818986496,0.14814814814814814,0.13302651764190226,0.4407306058491113,0.037037037037037035,0.2222222222222222,0.18518518518518517,0.0026896180742334587,0.13751602172851562,0.33969688415527344,0.2021808624267578,L1,0.09230769230769231,0.258974358974359,0.028205128205128216,0.258974358974359,"0.092308,0.258974,0.400000,0.553846,0.682051,0.830769,0.969231"
167,C2,0.224468461469862,15.0,50.0,14,63,0.23076923076923078,0.006300769299368791,0.037037037037037035,0.07319745781284244,0.3069558498128962,0.25925925925925924,0.18518518518518517,-0.07407407407407407,0.0026896180742334587,0.13751602172851562,0.33969688415527344,0.2021808624267578,L1,0.09230769230769231,0.258974358974359,0.028205128205128216,0.258974358974359,"0.092308,0.258974,0.400000,0.553846,0.682051,0.830769,0.969231"
168,C2,0.22123772080964527,12.0,53.0,11,63,0.18461538461538463,-0.03662233619426064,0.2222222222222222,0.17425378040762657,0.53418097051332,0.1111111111111111,0.37037037037037035,0.25925925925925924,0.002280796126949973,0.1008148193359375,0.2867546081542969,0.18593978881835938,L1,0.09230769230769231,0.258974358974359,0.07435897435897437,0.258974358974359,"0.092308,0.258974,0.400000,0.553846,0.682051,0.830769,0.969231"
169,C2,0.1475708339234073,10.0,55.0,9,63,0.15384615384615385,0.006275319922746547,0.07407407407407407,0.07495069033530573,0.29333172112527184,0.1111111111111111,0.2222222222222222,0.1111111111111111,0.0019723865877712033,0.07755756378173828,0.25023651123046875,0.17267894744873047,L1,0.09230769230769231,0.258974358974359,0.06153846153846154,0.09230769230769231,"0.092308,0.258974,0.400000,0.553846,0.682051,0.830769,0.969231"
170,C2,0.24293490926046174,15.0,50.0,14,63,0.23076923076923078,-0.012165678491230958,0.2962962962962963,0.212798597413982,0.6190969472307312,0.2222222222222222,0.4444444444444444,0.2222222222222222,0.0026896180742334587,0.13751602172851562,0.33969688415527344,0.2021808624267578,L1,0.09230769230769231,0.258974358974359,0.028205128205128216,0.258974358974359,"0.092308,0.258974,0.400000,0.553846,0.682051,0.830769,0.969231"
171,C2,0.1436376757210178,9.0,56.0,8,63,0.13846153846153847,-0.005176137259479324,0.14814814814814814,0.1262941047556432,0.419869225589959,0.07407407407407407,0.2962962962962963,0.2222222222222222,0.0018074233458848844,0.06637382507324219,0.23152542114257812,0.16515159606933594,L1,0.09230769230769231,0.258974358974359,0.046153846153846156,0.09230769230769231,"0.092308,0.258974,0.400000,0.553846,0.682051,0.830769,0.969231"
172,C2,0.1772585693847572,7.0,58.0,6,63,0.1076923076923077,-0.0695662616924495,0.1111111111111111,0.09877712031558185,0.34889235507045185,0.07407407407407407,0.2222222222222222,0.14814814814814814,0.001455979917518379,0.045121192932128906,0.19296836853027344,0.14784717559814453,L1,0.09230769230769231,0.258974358974359,0.015384615384615385,0.09230769230769231,"0.092308,0.258974,0.400000,0.553846,0.682051,0.830769,0.969231"
173,C2,0.1383947635851404,9.0,56.0,8,63,0.13846153846153847,6.67748763980569e-05,0.1111111111111111,0.09951347797501645,0.35216081398259114,0.1111111111111111,0.14814814814814814,0.037037037037037035,0.0018074233458848844,0.06637382507324219,0.23152542114257812,0.16515159606933594,L1,0.09230769230769231,0.258974358974359,0.046153846153846156,0.09230769230769231,"0.092308,0.258974,0.400000,0.553846,0.682051,0.830769,0.969231"
174,C2,0.2404065355073445,23.0,42.0,22,63,0.35384615384615387,0.11343961833880936,0.1111111111111111,0.15768573307034844,0.5036260296516266,0.18518518518518517,0.37037037037037035,0.18518518518518517,0.003464228079612695,0.24319076538085938,0.4730224609375,0.22983169555664062,L2,0.258974358974359,0.4,0.046153846153846156,0.4,"0.092308,0.258974,0.400000,0.553846,0.682051,0.830769,0.969231"
175,C2,0.12469117263730273,9.0,56.0,8,63,0.13846153846153847,0.013770365824235742,0.1111111111111111,0.09951347797501643,0.3521608139825912,0.037037037037037035,0.14814814814814814,0.1111111111111111,0.0018074233458848844,0.06637382507324219,0.23152542114257812,0.16515159606933594,L1,0.09230769230769231,0.258974358974359,0.046153846153846156,0.09230769230769231,"0.092308,0.258974,0.400000,0.553846,0.682051,0.830769,0.969231"
176,C2,0.10673659290884935,7.0,58.0,6,63,0.1076923076923077,0.0009557147834583501,0.18518518518518517,0.15689677843524,0.5055244188846078,0.07407407407407407,0.14814814814814814,0.07407407407407407,0.001455979917518379,0.045121192932128906,0.19296836853027344,0.14784717559814453,L1,0.09230769230769231,0.258974358974359,0.015384615384615385,0.09230769230769231,"0.092308,0.258974,0.400000,0.553846,0.682051,0.830769,0.969231"
177,C2,0.1652645590004557,8.0,57.0,7,63,0.12307692307692308,-0.04218763592353261,0.14814814814814814,0.1268288406749945,0.4222411466766001,0.18518518518518517,0.14814814814814814,-0.037037037037037035,0.001635287789133943,0.055542945861816406,0.21245765686035156,0.15691471099853516,L1,0.09230769230769231,0.258974358974359,0.03076923076923077,0.09230769230769231,"0.092308,0.258974,0.400000,0.553846,0.682051,0.830769,0.969231"
178,C2,0.24885633460837556,23.0,42.0,22,63,0.35384615384615387,0.10498981923777831,0.14814814814814814,0.16851194389655927,0.5259288223314125,0.18518518518518517,0.4074074074074074,0.2222222222222222,0.003464228079612695,0.24319076538085938,0.4730224609375,0.22983169555664062,L2,0.258974358974359,0.4,0.046153846153846156,0.4,"0.092308,0.258974,0.400000,0.553846,0.682051,0.830769,0.969231"
179,C2,0.23375158993823708,14.0,51.0,13,63,0.2153846153846154,-0.018366974553621684,0.07407407407407407,0.08855577470962085,0.3383222522164275,0.1111111111111111,0.4444444444444444,0.3333333333333333,0.0025605164066702527,0.12506866455078125,0.3222637176513672,0.19719505310058594,L1,0.09230769230769231,0.258974358974359,0.0435897435897436,0.258974358974359,"0.092308,0.258974,0.400000,0.553846,0.682051,0.830769,0.969231"
180,C2,0.21229120291854237,9.0,56.0,8,63,0.13846153846153847,-0.0738296644570039,0.18518518518518517,0.15307473153627,0.4875776371973268,0.14814814814814814,0.3333333333333333,0.18518518518518517,0.0018074233458848844,0.06637382507324219,0.23152542114257812,0.16515159606933594,L1,0.09230769230769231,0.258974358974359,0.046153846153846156,0.09230769230769231,"0.092308,0.258974,0.400000,0.553846,0.682051,0.830769,0.969231"
